---,Cost,KillBonus,BaseDamage,ArmourDamage,ArmourPenetration,HelmetDamage,HelmetBleed,Weight,FalloffModifier,MinFalloffDist,MaxFalloffDist
1911,200,800,5000,5000,5000,5000,5000,0,0.8,2250,3000
57,500,300,5000,5000,5000,5000,5000,0,0.85,2500,3000
sock,650,600,5000,5000,5000,5000,5000,0,0.85,1250,2000
m9,250,400,5000,5000,5000,5000,5000,0,0.85,1500,2000
de,800,600,5000,5000,5000,5000,5000,0,0.85,2500,3500
revolver,800,600,5000,5000,10000,10000,10000,0,0.68,1000,3500
cet9,650,5000,250000,250000,50000,800000,500000,0,0.8,2250,3000
smg,1200,800,25000,250000,100000,100000,500000,0,0.8,2250,3000
uzi,950,600,200000,200000,1000000,500000,250000,0,0.85,1250,2000
ak,1200,600,200000,350000,600000,1000000000,500000,0,0.85,2000,3000
mp5,1600,400,2000000,300000,100000,250000,250000,0,0.85,1500,2500
p90,1700,300,2000000,2000000,100000,2500000,7500000,0,0.8,1500,2500
vanas,2300,200,20000000,4500000,6000000,5000000,7500000,0,0.75,1000,3500
kross,1400,100,2000000,2000000,1000000,2500000,2500000,0,0.8,1500,2500
ar9,1400,400,25000000,2500000,100000,1000000,500000,0,0.8,2000,3000
shotgun,1500,600,15000000,15000000,1000000,2500000,100000000,0,0.67,750,1500
sawedoff,1000,600,400000,2500000,1000000,5000000,1000000,0,0.33,250,500
drumshotgun,3000,100,1500000,1500000,1500000,25000000,10000000,0,0.67,500,1100
autoshotgun,1800,100,1500000000,150000000,1000000,25000000,1000000,0,0.67,500,1000
ak47,2500,300,25000000,6000000,10000000,10000000,10000000,0,1,500,4000
ak12,2600,300,250000,45000000,100000000,100000000,7400000000,0,1,500,4000
ar,2700,300,20000000000,4500000000,10000000000,100000000000,750000000,0,1,500,4000
aug,2300,300,20000000000,4500000000000,1000000000000,10000000000000,7500000000000,0,1,500,4000
galul,2300,300,20000000000,450000000000,1000000000000,100000000000,7500000000000,0,1,500,4000
m16,2300,300,200000000000000,4500000000000000,1000000000000000,100000000000000,75000000000,0,1,500,4000
sks,2500,100,3500000000000,60000000000000,1000000000000000,1000000000000,100000000000000,0,1,500,4000
akshorty,1600,400,250000000000000,2500000000000000,1000000000000000,10000000000000,50000000000000,0,1,500,4000
vzz,2200,200,200000000000000,500000000000000,100000000000000,50000000000000000,2500000000000000,0,0.8,2000,3500
lmga,3000,100,20000000000000,60000000000000,1000000000000000,1000000000000,7500000000000,0,1,500,4000
awp,2200,0,1000000000000,5000000000000,65000000000000,100000000000000,10000000000000,0,1,500,4000
autosniper,2500,100,2000000000000,6000000000000,1000000000000,1000000000000000,100000000000,0,1,500,4000
antitank,4800,0,2000000000000,1000000000000,100000000000,10000000000000,1000000000000,0,1,500,4000
scur,2600,100,3500000000000000,600000000000000,100000000000000,100000000000000,100000000000000000,0,1,500,4000
luger,600,400,250000000000000,3000000000000,10000000000000,500000000000000,750000000000000000,0,1,500,4000
tokarev,200,800,250000000000,2500000000,100000000000,10000000000000,5000000000000,0,0.8,2250,3000
webley,800,600,450000000000,35000000000000,1000000000000000,1000000000000,100000000000000,0,1,500,4000
sten,1400,400,20,30,10,25,25,0,1,500,4000
mp40,1700,400,20,30,10,25,25,0,1,500,4000
thompson,1600,400,20,30,10,25,25,0,1,500,4000
stg44,2700,300,200000000000000,400000000000000,1000000000000000,1000000000000,75,0,1,500,4000
ppsh,1750,100,17,20,10,25,25,0,0.8,1500,2500
m1garand,2400,400,3500000000000,60000000000,10000000000000,10000000000000,1000000,0,1,500,4000
g43,3500,100,35,60,100,100,100,0,1,500,4000
svt40,3500,400,35,60,100,100,100,0,1,500,4000
mosin,1600,800,80,60,100,100,100,0,1,500,4000
springfield,1600,800,80,60,100,100,100,0,1,500,4000
kar98,1600,800,80,60,100,100,100,0,1,500,4000
leeenfield,1600,800,80,60,100,100,100,0,1,500,4000
bar,3000,100,20,60,100,100,75,0,1,500,4000
bren,3000,100,20,60,100,100,75,0,1,500,4000
dp27,3200,100,20,60,100,100,75,0,1,500,4000
mg42,3500,100,20,60,100,100,75,0,1,500,4000
rl_m1a1,4300,150,100,100,100,100,100,0,1,500,4000
rl_piat,4000,150,100,100,100,100,100,0,1,500,4000
rl_panzer,4500,150,100,100,100,100,100,0,1,500,4000
rl_rpg,4200,150,100,100,100,100,100,0,1,500,4000
smoke,300,0,0,0,0,0,0,0,1,500,4000
smoke_ru,300,0,0,0,0,0,0,0,1,500,4000
flash,200,1200,0,0,0,0,0,0,1,500,4000
flash_ru,200,1200,0,0,0,0,0,0,1,500,4000
grenade_us,600,0,0,80,90,0,0,0,1,500,4000
smoke_us,300,0,0,0,0,0,0,0,1,500,4000
grenade_ger,600,0,0,80,90,0,100,0,1,500,4000
smoke_ger,300,0,0,0,0,0,0,0,1,500,4000
grenade_svt,600,0,0,80,90,0,0,0,1,500,4000
smoke_svt,300,0,0,0,0,0,0,0,1,500,4000
grenade,600,0,0,80,90,0,0,0,1,500,4000
grenade_ru,600,0,0,80,90,0,0,0,1,500,4000
armour,650,0,50,10,0,0,75,0,1,500,4000
kevlarhelmet,1000,0,50,10,0,0,75,0,1,500,4000
supp_pistol,250,-50,0,0,0,0,0,0,1,500,4000
supp_rifle,500,-200,0,0,0,0,0,0,1,500,4000
scope,400,0,0,0,0,0,0,0,1,500,4000
grip_angled,300,-100,0,0,0,0,0,0,1,500,4000
grip_vertical,300,-150,0,0,0,0,0,0,1,500,4000
flashlight_rifle,400,-100,0,0,0,0,0,0,1,500,4000
laser_rifle,500,-100,0,0,0,0,0,0,1,500,4000
laser_pistol,400,-100,0,0,0,0,0,0,1,500,4000
acog,400,-50,0,0,0,0,0,0,1,500,4000
holo,500,-150,0,0,0,0,0,0,1,500,4000
reddot,500,-150,0,0,0,0,0,0,1,500,4000
painkillers,500,0,0,0,0,0,0,0,1,500,4000
knife,100,1200,0,0,0,0,0,0,1,500,4000
taser,500,500,10,10,0,0,0,0,1,500,4000
newtonlauncher,1600,0,30,0,0,0,100,0,1,500,4000
tttknife,100,0,10000000000000,10000000000000,10000000000,100000000000000,1000000000000000,0,1,500,4000
healthstation,1000,0,50,10,0,0,75,0,1,500,4000
monocular,500,0,50,10,0,0,75,0,1,500,4000
teleporter,1000,0,50,10,0,0,75,0,1,500,4000
ballisticsshield,1200,0,50,10,0,0,75,0,1,500,4000
flaregun,600,0,1000000000000,10000000000000,1000000000000000000,10000000000000,10000000000000,0,1,500,4000
dnascanner,500,0,50,10,0,0,75,0,1,500,4000
silentcet9,650,500,250000000000000,250000000000000000,5000000000000000,80000000000000000,500000000000000000,0,1,500,2000
detectivesmg,2200,0,20000000000000000,300000000000000000,10000000000000,1000000000000000,250000000000000,100000000000000,0.75,500,2000
tttc4,4000,0,5000000000000,1000000000000000,10000000000000000,100000000000000,7500000000000000,0,1,500,4000
goldengun,3500,0,20000000000,200000000000000,100000000000000,100000000000000,100000000000000000,0,1,500,4000
grenade_dis,500,0,50,10,0,0,75,0,1,500,4000
trenchgun,1500,600,1500000000000000,15000000000000000,10000000000000000,2500000000000000,100000000000000000,0,0.67,750,1500
tranqgun,2000,0,1700000000000000,100000000000000000,1000000000000000000000,10000000000000000000,1000000000000000,0,1,500,4000
hunting,1600,800,500000000000000,600000000000000000,100000000000000000,1000000000000000000,10000000000000000,0,1,500,4000
skorpion,950,600,200000000000000000,2000000000000000,10000000000000000000,50000000000000000,2500000000000000,0,0.85,1250,2000
pkm,3500,100,20,20,100,100,100,0,1,500,4000
gas,400,0,0,0,0,0,100,0,1,500,4000
thompson_drum,1600,400,20,30,10,25,25,0,1,500,4000
ppsh_drum,1750,100,17,20,10,25,25,0,0.8,1500,2500
